Gene,Samples,Signal,p-Value
BCL2,SAMPLES,Signal,p-Value,Embryonal Carcinoma_NTERA2_GSM172582,16.4,0.219482,HESC_H14_s3_HSR-_1GSM151739,24.0,0.125488,HESC_H14_s3_HSR-_2GSM151741,23.2,0.149658,HESC_HD287_p4,21.7,0.004150,HESC_HD291_p9,34.1,0.001953,HESC_HD90p8_FE07-142-L1_GSM388581,30.5,0.001953,HESC_HUES8_p30_S1_GSM310860,11.3,0.111572,HESC_HUES8_p30_S2_GSM31086,7.9,0.080566,HESC_HUES8_p30_S3_GSM310862,15.1,0.007324,hESC_Sheff4_GSM194307,42.9,0.000732,hESC_Sheff4_GSM194308,36.7,0.001221,hESC_Sheff4_GSM194309,33.0,0.018555,hESC_Sheff4_Matrigel_GSM194313,33.8,0.004150,hESC_Sheff4_Matrigel_GSM194314,39.1,0.001953,HESC HS181 p50_GSM452691,24.1,0.002930,HESC HS235 p42_GSM452261,24.2,0.000244,HESC_chHES-3_p11_46XX_GSM172579,18.2,0.030273,HESC_chHES-3_p172_complexK_GSM172581,7.3,0.601074,HESC_chHES-3_p53_dup(1)_GSM172580,0.6,0.533936,HESC_H1-OGN_GSM248200,9.2,0.005859,HESC_H1_GFP_GSM225042,33.5,0.149658,HESC_H9_GFP_GSM225045,28.5,0.274170,HESC_H9_GSM249282,16.5,0.000244,HESC_HD129p6_FE08-005-L1_GSM388636,22.6,0.000244,HESC_HD83p24_FE07-135-L1_GSM388638,32.0,0.000244,HESC_HSF1_p49_GSM249025,13.0,0.014160,EB_H1_GFP_GSM225043,6.8,0.466064,EB_H9_GSM225046,19.6,0.432373,HIPS_1-8_CM_Ma_GSM245342,26.3,0.000244,HIPS_1-8_ESM_MEF_GSM248217,3.2,0.533936,HIPS_1-8_mTeSR1_Ma_1_GSM245339,18.0,0.000244,HIPS_1-8_mTeSR1_Ma_2_GSM248216,11.9,0.030273,HIPS_1-8_mTeSR1_Ma_Th_GSM257520,11.0,0.004150,HIPS_2-4_ESM_MEF_GSM257522,15.7,0.004150,HIPS_2-4_mTeSR1_Ma_GSM257521,15.3,0.000244,HIPS_2_dH1f_GSM248207,9.9,0.002930,HIPS_2_MRC5_GSM248211,11.9,0.017578,HIPS_2_MRC5_GSM248212,20.2,0.014160,HIPS_3-2_mTeSR1_Ma_GSM257523,27.2,0.000732,HIPS_3_dH1f_GSM248203,14.9,0.171387,HIPS_5_dH1f_GSM248205,8.7,0.046143,HIPS_5_dH1f_GSM248206,18.3,0.014160,HIPS_BJ_#12p5_S1_GSM310851,16.7,0.004150,HIPS_BJ_#12p5_S2_GSM310852,19.1,0.008057,HIPS_BJ_#12p5_S3_GSM310853,17.9,0.014160,HIPS_BJ_#12p6_afp4_S1_GSM310857,13.9,0.030273,HIPS_BJ_#12p6_afp4_S2_GSM310858,15.2,0.037598,HIPS_BJ_#12p6_afp4_S3_GSM310859,11.1,0.056152,HIPS_BJ_#5p9_S1_GSM310838,20.3,0.000732,HIPS_BJ_#5p9_S2_GSM310839,22.5,0.001221,HIPS_BJ_#5p9_S3_GSM310844,22.4,0.001953,HIPS_BJ_#6p9_S1_GSM310845,15.7,0.004150,HIPS_BJ_#6p9_S2_GSM310846,21.9,0.008057,HIPS_BJ_#6p9_S3_GSM310847,12.7,0.111572,HIPS_BJ_#8p10_S1_GSM310848,15.4,0.004150,HIPS_BJ_#8p10_S2_GSM310849,18.1,0.004150,HIPS_BJ_#8p10_S3_GSM310850,12.2,0.056152,HIPS_BJ_1_GSM248215,24.2,0.001953,HIPS_Clone1_GSM249028,17.3,0.067627,HIPS_Clone2_GSM249096,14.0,0.014160,HIPS_Clone5_GSM249095,9.0,0.129639,HIPS_Clone7_GSM249137,14.3,0.095215,partial_HIPS_Clone54_GSM249138,8.2,0.303711,partial_HIPS_Clone100_GSM249151,0.7,0.665527,partial_HIPS_Clone24_GSM249150,18.6,0.008057,partial_HIPS_Clone29_GSM249152,9.4,0.246094,Fibroblasts_BJ_S1_GSM310854,11.3,0.030273,Fibroblasts_BJ_S2_GSM310855,10.2,0.056152,Fibroblasts_BJ_S3_GSM310856,8.2,0.030273,Fibroblasts_BJ_GSM248214,12.0,0.018555,Fibroblasts_dH1f_GSM248201,29.7,0.005859,Fibroblasts_dH1f_GSM248202,18.8,0.001953,Fibroblasts_dH1f_GSM248204,8.0,0.171387,Fibroblasts_HFF1,52.8,0.000732,Fibroblasts_MRC5_GSM248209,18.3,0.001221,Fibroblasts_MRC5_GSM248210,16.6,0.001221,Fibroblasts_NHDF1_5F_Day18_GSM249029,9.6,0.219482,Fibroblasts_NHDF1_GFP_GSM249026,0.9,0.633789,Fibroblasts_NHDF1_GSM249027,15.1,0.005859,Fibroblast_HFF_GSM245341,60.7,0.000244,Fibroblast_HFF_GSM257524,49.6,0.000244,Ovary_GSM175789,164.1,0.000244,Ovary_GSM176131,214.8,0.000244,Ovary_GSM176136,94.7,0.000732,Ovary_GSM176318,286.9,0.000244,Cumulus,83.0,0.000244,Oocyte VG,4.0,0.601074,Oocyte MI,9.1,0.665527,Oocyte MII,8.5,0.888428,Oocyte_M2-16_GSM288877,8.5,0.888428,Oocyte_M2-21-GSM288812,4.9,0.000000,Oocyte_M2-24_GSM288876 ,11.0,0.219482,Oocyte_M2_GSM136511,14.5,0.696289,Oocyte_M2_GSM136512,7.5,0.991943,Oocyte_M2_GSM136513,18.6,0.665527,Oocyte_M2_GSM136519,4.4,0.969727,Oocyte_M2_GSM136525,1.9,0.665527,Oocyte_M2_GSM136526,0.7,0.997070,Testes_GSM175942,44.5,0.037598,Testes_GSM176113,47.0,0.008057,Testes_GSM176276,30.4,0.014160,Testes_GSM176422,47.7,0.001221,Testes_GSM176423,43.0,0.005859,Fetal_Brain_GSM175909,125.6,0.004150,Cerebral_Cortex_1_GSM176344,95.8,0.000244,Cerebral_Cortex_GSM176345,86.7,0.000244,Cerebral_Cortex_GSM176346,99.6,0.000244,Frontal_Lobe_GSM175859,147.5,0.001221,Frontal_Lobe_GSM175860,108.2,0.004150,Frontal_Lobe_GSM176017,87.4,0.004150,Occipital_Lobe_GSM176352,106.2,0.000244,Occipital_Lobe_GSM176353,62.0,0.000244,Occipital_Lobe_GSM176354,106.8,0.000732,Parietal_Lobe_GSM175862,105.3,0.000732,Parietal_Lobe_GSM175863,100.4,0.000244,Parietal_Lobe_GSM175864,137.1,0.000244,Temporal_Lobe_GSM175874,113.5,0.000244,Temporal_Lobe_GSM175875,146.9,0.005859,Temporal_Lobe_GSM175876,159.5,0.001221,Caudate_GSM176363,196.3,0.023926,Caudate_GSM176365,136.7,0.008057,Caudate_GSM176369,128.9,0.000732,Midbrain_GSM175901,167.3,0.000244,Midbrain_GSM175902,99.9,0.000244,Midbrain_GSM175903,102.8,0.000732,Nucleus Accumbens_GSM175849,171.1,0.001221,Nucleus Accumbens_GSM175850,141.1,0.001953,Nucleus Accumbens_GSM175851,109.2,0.056152,Substantia_Nigra_GSM175871,200.8,0.000244,Substantia_Nigra_GSM175872,154.3,0.001953,Substantia_Nigra_GSM175873,145.1,0.001221,Cerebellum_BD_GSM175907,79.6,0.000732,Cerebellum_GSM175852,78.2,0.023926,Cerebellum_GSM175853,45.7,0.129639,Cerebellum_GSM175854,135.0,0.001953,Amygdala_GSM 175842,197.7,0.000244,Amygdala_GSM175843,191.4,0.004150,Amygdala_GSM175844,145.4,0.004150,Hippocampus_GSM175861,156.3,0.000732,Hippocampus_GSM175987,176.5,0.004150,Hippocampus_GSM175988,121.1,0.002930,Hypothalamus_GSM176381,66.8,0.000244,Hypothalamus_GSM176382,72.6,0.000244,Hypothalamus_GSM176383,135.9,0.000244,Subthalamic_Nucleus_GSM175869,92.9,0.000244,Subthalamic_Nucleus_GSM175870,105.7,0.000244,Subthalamic_Nucleus_GSM176058,294.8,0.001953,Thalamus_GSM175885,169.4,0.014160,Thalamus_GSM175886,145.2,0.008057,Thalamus_GSM175887,191.5,0.000732,Spinal_Cord_GSM175865,222.5,0.000244,Spinal_Cord_GSM175866,134.2,0.001953,Spinal_Cord_GSM175867,176.7,0.000244,Dorsal_Root_Ganglia_GSM175825,238.3,0.000244,Dorsal_Root_Ganglia_GSM175826,204.7,0.000244,Dorsal_Root_Ganglia_GSM175827,258.6,0.000244,Trigeminal_Ganglia_GSM175889,337.7,0.000244,Trigeminal_Ganglia_GSM175890,386.4,0.000244,Trigeminal_Ganglia_GSM175891,210.5,0.000244,Pituitary_Gland_GSM176411,172.3,0.000244,Pituitary_Gland_GSM176412,166.1,0.000244,Pituitary_Gland_GSM176413,204.4,0.000732,Adrenal Gland Cortex_GSM176407,54.8,0.056152,Adrenal Gland Cortex_GSM176408,61.8,0.005859,Adrenal Gland Cortex_GSM176409,59.3,0.018555,Skin_GSM175948,180.0,0.000732,Skin_GSM175967,107.3,0.023926,Skin_GSM175993,107.6,0.000244,Breast_GSM175792,233.2,0.000244,Breast_GSM175795,536.7,0.000244,Trachea_GSM175944,51.6,0.095215,Trachea_GSM175980,106.7,0.000732,Trachea_GSM175981,104.4,0.002930,Lung_GSM175977,92.3,0.004150,Lung_GSM176012,87.6,0.005859,Lung_GSM176021,92.0,0.000732,Bronchus_GSM175978,78.6,0.000732,Bronchus_GSM175979,70.3,0.001953,Bronchus_GSM176022,165.7,0.000244,Oral_Mucosa_GSM176385,71.1,0.030273,Oral_Mucosa_GSM176386,69.7,0.005859,Oral_Mucosa_GSM176387,73.1,0.005859,Salivary_Gland_GSM176414,80.0,0.010742,Salivary_Gland_GSM176415,115.6,0.000732,Salivary_Gland_GSM176416,100.2,0.014160,Esophagus_GSM176389,130.1,0.001221,Esophagus_GSM176390,69.1,0.000244,Esophagus_GSM176391,80.0,0.000732,Stomach_Fundus_GSM176336,126.3,0.000244,Stomach_Fundus_GSM176337,99.3,0.004150,Stomach_Fundus_GSM176338,152.5,0.000244,Stomach_GSM175943,125.9,0.004150,Small_Intestine_Duodenum_GSM175949,98.2,0.008057,Small_Intestine_GSM175908,132.9,0.008057,Small_Intestine_Jejunum_GSM175982,180.0,0.000244,Small_Intestine_Jejunum_GSM176265,235.9,0.001953,Colon_BD_GSM175905,86.9,0.037598,Colon_Cecum_1_GSM175983,216.4,0.000244,Colon_Cecum_GSM175984,206.4,0.000244,Colon_Cecum_GSM176123,138.0,0.030273,Fetal_Liver_GSM175910,40.2,0.149658,Liver_GSM176332,88.0,0.030273,Liver_GSM176333,67.3,0.056152,Liver_GSM176334,83.7,0.023926,HepG2_0h_GSM175960,43.0,0.056152,HepG2_0h_GSM175961,22.4,0.334473,HepG2_0h_GSM175962,22.0,0.366211,Pancreas_GSM175950,54.5,0.005859,Thyroid_Gland_GSM175954,637.4,0.000244,Thyroid_Gland_GSM176418,784.2,0.000244,Thyroid_Gland_GSM176419,704.3,0.000244,Thyroid_Gland_GSM176420,637.7,0.000244,Adipose Tissue Subcut_GSM176028,367.7,0.000244,Adipose Tissue Subcut_GSM176119,297.2,0.000732,Adipose Tissue Subcut_GSM176121,229.0,0.000244,Kidney_GSM175911,157.0,0.002930,Kidney_Cortex_GSM176321,199.8,0.001221,Kidney_Cortex_GSM176322,205.5,0.002930,Kidney_Cortex_GSM176323,187.4,0.000244,Kidney_Cortex_GSM176324,159.2,0.000732,Prostate_Gland_GSM176325,122.4,0.000244,Prostate_Gland_GSM176326,327.2,0.000244,Prostate_GSM175925,255.0,0.000244,Prostate_GSM175926,120.1,0.000244,Prostate_GSM175927,256.4,0.000244,Prostate_GSM175938,165.0,0.000244,Saphenous_Vein_GSM175879,154.7,0.008057,Saphenous_Vein_GSM175880,107.3,0.001221,Saphenous_Vein_GSM176011,149.8,0.002930,Coronary_Artery_GSM175820,227.3,0.000244,Coronary_Artery_GSM175821,166.7,0.001953,Coronary_Artery_GSM176115,182.2,0.002930,Heart_GSM175935,117.1,0.008057,Heart_Atrium_GSM175814,127.9,0.067627,Heart_Atrium_GSM175815,89.0,0.018555,Heart_Atrium_GSM176435,118.1,0.001221,Heart_Ventricle_GSM175817,91.1,0.080566,Heart_Ventricle_GSM175818,157.0,0.046143,Heart_Ventricle_GSM175819,98.6,0.014160,Deltoid_Muscle_GSM176301,510.3,0.000244,Deltoid_Muscle_GSM176310,530.4,0.000244,Deltoid_Muscle_GSM176312,252.7,0.000732,Skeletal_Muscle_GSM175940,296.4,0.004150,Skeletal_Muscle_Quadrideps_GSM175985,233.5,0.014160,Tongue_GSM175946,182.9,0.002930,Tongue_GSM175953,135.3,0.000244,Tongue_Main_Corpus_GSM176014,185.9,0.004150,Joint_Tissue_Synovium_GSM176026,157.1,0.002930,Joint_Tissue_Synovium_GSM176268,155.3,0.000244,Joint_Tissue_Synovium_GSM176269,163.9,0.000244,Synovial_Membrane_GSM175810,249.3,0.000244,Synovial_Membrane_GSM175811,324.2,0.000244,Synovial_Membrane_GSM175812,189.9,0.000244,HUVEC_Cell_Line_GSM176298,42.3,0.111572,HUVEC_Cell_Line_GSM176299,26.3,0.149658,Bone Marrow BD_GSM175906,89.4,0.005860,Bone Marrow normal_GSM175974,82.1,0.023930,Bone Marrow normal_GSM175975,99.6,0.023926,Bone Marrow normal_GSM176300,152.2,0.035889,Bone Marrow SG normal_GSM175951,103.2,0.010742,MSC_nl_1,16.9,0.194580,MSC_nl_4,9.5,0.246094,MSC_nl_5,16.2,0.046143,PBMC Media resting_GSM176281,207.7,0.000240,PBMC PMA+Ionomycin_GSM176282,302.8,0.000240,Monocytes LPS+Ifng 30h_GSM176004,7.1,0.219480,Monocytes LPS+Ifng 30h_GSM176010,47.4,0.000730,Monocytes resting 30h_GSM176003,90.0,0.037600,Monocytes resting 30h_GSM176009,90.0,0.002930,CD4+ antiCD3+antiCD28 activated_GSM17628,599.2,0.000244,CD4+ resting_GSM176283,246.6,0.000244,CD8+ antiCD3+anti-CD28 activated_GSM1762,719.0,0.000244,CD8+ resting_GSM176285,170.0,0.000240,T cells antiCD3 30h activated_GSM176000,266.8,0.000730,T cells antiCD3 30h activated_GSM176006,222.7,0.000240,T cells resting 30h_GSM175999,226.8,0.000240,T cells resting 30h_GSM176005,388.1,0.000730,Thymus gland normal_GSM175973,215.4,0.000240,Thymus gland normal_GSM176262,234.5,0.000240,Tonsil_GSM175976,279.3,0.000240,Tonsil_GSM176015,204.3,0.000244,Tonsil_GSM176114,187.9,0.000244,Lymph nodes_GSM176430,190.7,0.000240,Lymph nodes_GSM176431,239.1,0.000240,Lymph nodes_GSM176432,82.7,0.030270,Lymph nodes_GSM176433,380.8,0.000240,Spleen normal_GSM175941,364.0,0.000240,Spleen normal_GSM176328,270.4,0.000240,Spleen normal_GSM176329,263.9,0.000240,Spleen normal_GSM176330,535.4,0.000240,Spleen normal_GSM176331,368.0,0.000240,B cells anti-CD40+IL4 30h activated_GSM1,639.9,0.000240,B cells anti-CD40+IL4 30h activated_GSM1,751.7,0.000240,B cells resting 30h_GSM176001,494.6,0.000240,B cells resting 30h_GSM176007,467.5,0.000240,Endometrium_GSM176039,122.0,0.000732,Endometrium_GSM176093,133.3,0.000244,Endometrium_GSM176094,143.3,0.000244,Endometrium_GSM176095,181.6,0.000244,Endometrium_GSM176096,93.6,0.000244,Endometrium_GSM176127,226.5,0.000244,Endometrium_GSM176132,527.4,0.000244,Endometrium_GSM176137,98.5,0.001221,Endometrium_GSM176319,273.4,0.000244,Uterus_GSM175945,241.1,0.000732,Myometrium_GSM176243,294.6,0.000244,Myometrium_GSM176245,460.5,0.000244,Myometrium_GSM176320,231.6,0.000244,Placenta_GSM175937,378.1,0.000244,Placenta_GSM183605,773.4,0.000244,Placenta_GSM183606,504.3,0.000244,Placenta_GSM183607,572.5,0.000244,Placenta_GSM183608,680.3,0.000244,Placenta_GSM183609,855.4,0.000244
BCL2,Embryonal Carcinoma_NTERA2_GSM172582,16.4,0.219482
BCL2,HESC_H14_s3_HSR-_1GSM151739,24.0,0.125488
BCL2,HESC_H14_s3_HSR-_2GSM151741,23.2,0.149658
BCL2,HESC_HD287_p4,21.7,0.004150
BCL2,HESC_HD291_p9,34.1,0.001953
BCL2,HESC_HD90p8_FE07-142-L1_GSM388581,30.5,0.001953
BCL2,HESC_HUES8_p30_S1_GSM310860,11.3,0.111572
BCL2,HESC_HUES8_p30_S2_GSM31086,7.9,0.080566
BCL2,HESC_HUES8_p30_S3_GSM310862,15.1,0.007324
BCL2,hESC_Sheff4_GSM194307,42.9,0.000732
BCL2,hESC_Sheff4_GSM194308,36.7,0.001221
BCL2,hESC_Sheff4_GSM194309,33.0,0.018555
BCL2,hESC_Sheff4_Matrigel_GSM194313,33.8,0.004150
BCL2,hESC_Sheff4_Matrigel_GSM194314,39.1,0.001953
BCL2,HESC HS181 p50_GSM452691,24.1,0.002930
BCL2,HESC HS235 p42_GSM452261,24.2,0.000244
BCL2,HESC_chHES-3_p11_46XX_GSM172579,18.2,0.030273
BCL2,HESC_chHES-3_p172_complexK_GSM172581,7.3,0.601074
BCL2,HESC_chHES-3_p53_dup(1)_GSM172580,0.6,0.533936
BCL2,HESC_H1-OGN_GSM248200,9.2,0.005859
BCL2,HESC_H1_GFP_GSM225042,33.5,0.149658
BCL2,HESC_H9_GFP_GSM225045,28.5,0.274170
BCL2,HESC_H9_GSM249282,16.5,0.000244
BCL2,HESC_HD129p6_FE08-005-L1_GSM388636,22.6,0.000244
BCL2,HESC_HD83p24_FE07-135-L1_GSM388638,32.0,0.000244
BCL2,HESC_HSF1_p49_GSM249025,13.0,0.014160
BCL2,EB_H1_GFP_GSM225043,6.8,0.466064
BCL2,EB_H9_GSM225046,19.6,0.432373
BCL2,HIPS_1-8_CM_Ma_GSM245342,26.3,0.000244
BCL2,HIPS_1-8_ESM_MEF_GSM248217,3.2,0.533936
BCL2,HIPS_1-8_mTeSR1_Ma_1_GSM245339,18.0,0.000244
BCL2,HIPS_1-8_mTeSR1_Ma_2_GSM248216,11.9,0.030273
BCL2,HIPS_1-8_mTeSR1_Ma_Th_GSM257520,11.0,0.004150
BCL2,HIPS_2-4_ESM_MEF_GSM257522,15.7,0.004150
BCL2,HIPS_2-4_mTeSR1_Ma_GSM257521,15.3,0.000244
BCL2,HIPS_2_dH1f_GSM248207,9.9,0.002930
BCL2,HIPS_2_MRC5_GSM248211,11.9,0.017578
BCL2,HIPS_2_MRC5_GSM248212,20.2,0.014160
BCL2,HIPS_3-2_mTeSR1_Ma_GSM257523,27.2,0.000732
BCL2,HIPS_3_dH1f_GSM248203,14.9,0.171387
BCL2,HIPS_5_dH1f_GSM248205,8.7,0.046143
BCL2,HIPS_5_dH1f_GSM248206,18.3,0.014160
BCL2,HIPS_BJ_#12p5_S1_GSM310851,16.7,0.004150
BCL2,HIPS_BJ_#12p5_S2_GSM310852,19.1,0.008057
BCL2,HIPS_BJ_#12p5_S3_GSM310853,17.9,0.014160
BCL2,HIPS_BJ_#12p6_afp4_S1_GSM310857,13.9,0.030273
BCL2,HIPS_BJ_#12p6_afp4_S2_GSM310858,15.2,0.037598
BCL2,HIPS_BJ_#12p6_afp4_S3_GSM310859,11.1,0.056152
BCL2,HIPS_BJ_#5p9_S1_GSM310838,20.3,0.000732
BCL2,HIPS_BJ_#5p9_S2_GSM310839,22.5,0.001221
BCL2,HIPS_BJ_#5p9_S3_GSM310844,22.4,0.001953
BCL2,HIPS_BJ_#6p9_S1_GSM310845,15.7,0.004150
BCL2,HIPS_BJ_#6p9_S2_GSM310846,21.9,0.008057
BCL2,HIPS_BJ_#6p9_S3_GSM310847,12.7,0.111572
BCL2,HIPS_BJ_#8p10_S1_GSM310848,15.4,0.004150
BCL2,HIPS_BJ_#8p10_S2_GSM310849,18.1,0.004150
BCL2,HIPS_BJ_#8p10_S3_GSM310850,12.2,0.056152
BCL2,HIPS_BJ_1_GSM248215,24.2,0.001953
BCL2,HIPS_Clone1_GSM249028,17.3,0.067627
BCL2,HIPS_Clone2_GSM249096,14.0,0.014160
BCL2,HIPS_Clone5_GSM249095,9.0,0.129639
BCL2,HIPS_Clone7_GSM249137,14.3,0.095215
BCL2,partial_HIPS_Clone54_GSM249138,8.2,0.303711
BCL2,partial_HIPS_Clone100_GSM249151,0.7,0.665527
BCL2,partial_HIPS_Clone24_GSM249150,18.6,0.008057
BCL2,partial_HIPS_Clone29_GSM249152,9.4,0.246094
BCL2,Fibroblasts_BJ_S1_GSM310854,11.3,0.030273
BCL2,Fibroblasts_BJ_S2_GSM310855,10.2,0.056152
BCL2,Fibroblasts_BJ_S3_GSM310856,8.2,0.030273
BCL2,Fibroblasts_BJ_GSM248214,12.0,0.018555
BCL2,Fibroblasts_dH1f_GSM248201,29.7,0.005859
BCL2,Fibroblasts_dH1f_GSM248202,18.8,0.001953
BCL2,Fibroblasts_dH1f_GSM248204,8.0,0.171387
BCL2,Fibroblasts_HFF1,52.8,0.000732
BCL2,Fibroblasts_MRC5_GSM248209,18.3,0.001221
BCL2,Fibroblasts_MRC5_GSM248210,16.6,0.001221
BCL2,Fibroblasts_NHDF1_5F_Day18_GSM249029,9.6,0.219482
BCL2,Fibroblasts_NHDF1_GFP_GSM249026,0.9,0.633789
BCL2,Fibroblasts_NHDF1_GSM249027,15.1,0.005859
BCL2,Fibroblast_HFF_GSM245341,60.7,0.000244
BCL2,Fibroblast_HFF_GSM257524,49.6,0.000244
BCL2,Ovary_GSM175789,164.1,0.000244
BCL2,Ovary_GSM176131,214.8,0.000244
BCL2,Ovary_GSM176136,94.7,0.000732
BCL2,Ovary_GSM176318,286.9,0.000244
BCL2,Cumulus,83.0,0.000244
BCL2,Oocyte VG,4.0,0.601074
BCL2,Oocyte MI,9.1,0.665527
BCL2,Oocyte MII,8.5,0.888428
BCL2,Oocyte_M2-16_GSM288877,8.5,0.888428
BCL2,Oocyte_M2-21-GSM288812,4.9,0.000000
BCL2,Oocyte_M2-24_GSM288876 ,11.0,0.219482
BCL2,Oocyte_M2_GSM136511,14.5,0.696289
BCL2,Oocyte_M2_GSM136512,7.5,0.991943
BCL2,Oocyte_M2_GSM136513,18.6,0.665527
BCL2,Oocyte_M2_GSM136519,4.4,0.969727
BCL2,Oocyte_M2_GSM136525,1.9,0.665527
BCL2,Oocyte_M2_GSM136526,0.7,0.997070
BCL2,Testes_GSM175942,44.5,0.037598
BCL2,Testes_GSM176113,47.0,0.008057
BCL2,Testes_GSM176276,30.4,0.014160
BCL2,Testes_GSM176422,47.7,0.001221
BCL2,Testes_GSM176423,43.0,0.005859
BCL2,Fetal_Brain_GSM175909,125.6,0.004150
BCL2,Cerebral_Cortex_1_GSM176344,95.8,0.000244
BCL2,Cerebral_Cortex_GSM176345,86.7,0.000244
BCL2,Cerebral_Cortex_GSM176346,99.6,0.000244
BCL2,Frontal_Lobe_GSM175859,147.5,0.001221
BCL2,Frontal_Lobe_GSM175860,108.2,0.004150
BCL2,Frontal_Lobe_GSM176017,87.4,0.004150
BCL2,Occipital_Lobe_GSM176352,106.2,0.000244
BCL2,Occipital_Lobe_GSM176353,62.0,0.000244
BCL2,Occipital_Lobe_GSM176354,106.8,0.000732
BCL2,Parietal_Lobe_GSM175862,105.3,0.000732
BCL2,Parietal_Lobe_GSM175863,100.4,0.000244
BCL2,Parietal_Lobe_GSM175864,137.1,0.000244
BCL2,Temporal_Lobe_GSM175874,113.5,0.000244
BCL2,Temporal_Lobe_GSM175875,146.9,0.005859
BCL2,Temporal_Lobe_GSM175876,159.5,0.001221
BCL2,Caudate_GSM176363,196.3,0.023926
BCL2,Caudate_GSM176365,136.7,0.008057
BCL2,Caudate_GSM176369,128.9,0.000732
BCL2,Midbrain_GSM175901,167.3,0.000244
BCL2,Midbrain_GSM175902,99.9,0.000244
BCL2,Midbrain_GSM175903,102.8,0.000732
BCL2,Nucleus Accumbens_GSM175849,171.1,0.001221
BCL2,Nucleus Accumbens_GSM175850,141.1,0.001953
BCL2,Nucleus Accumbens_GSM175851,109.2,0.056152
BCL2,Substantia_Nigra_GSM175871,200.8,0.000244
BCL2,Substantia_Nigra_GSM175872,154.3,0.001953
BCL2,Substantia_Nigra_GSM175873,145.1,0.001221
BCL2,Cerebellum_BD_GSM175907,79.6,0.000732
BCL2,Cerebellum_GSM175852,78.2,0.023926
BCL2,Cerebellum_GSM175853,45.7,0.129639
BCL2,Cerebellum_GSM175854,135.0,0.001953
BCL2,Amygdala_GSM 175842,197.7,0.000244
BCL2,Amygdala_GSM175843,191.4,0.004150
BCL2,Amygdala_GSM175844,145.4,0.004150
BCL2,Hippocampus_GSM175861,156.3,0.000732
BCL2,Hippocampus_GSM175987,176.5,0.004150
BCL2,Hippocampus_GSM175988,121.1,0.002930
BCL2,Hypothalamus_GSM176381,66.8,0.000244
BCL2,Hypothalamus_GSM176382,72.6,0.000244
BCL2,Hypothalamus_GSM176383,135.9,0.000244
BCL2,Subthalamic_Nucleus_GSM175869,92.9,0.000244
BCL2,Subthalamic_Nucleus_GSM175870,105.7,0.000244
BCL2,Subthalamic_Nucleus_GSM176058,294.8,0.001953
BCL2,Thalamus_GSM175885,169.4,0.014160
BCL2,Thalamus_GSM175886,145.2,0.008057
BCL2,Thalamus_GSM175887,191.5,0.000732
BCL2,Spinal_Cord_GSM175865,222.5,0.000244
BCL2,Spinal_Cord_GSM175866,134.2,0.001953
BCL2,Spinal_Cord_GSM175867,176.7,0.000244
BCL2,Dorsal_Root_Ganglia_GSM175825,238.3,0.000244
BCL2,Dorsal_Root_Ganglia_GSM175826,204.7,0.000244
BCL2,Dorsal_Root_Ganglia_GSM175827,258.6,0.000244
BCL2,Trigeminal_Ganglia_GSM175889,337.7,0.000244
BCL2,Trigeminal_Ganglia_GSM175890,386.4,0.000244
BCL2,Trigeminal_Ganglia_GSM175891,210.5,0.000244
BCL2,Pituitary_Gland_GSM176411,172.3,0.000244
BCL2,Pituitary_Gland_GSM176412,166.1,0.000244
BCL2,Pituitary_Gland_GSM176413,204.4,0.000732
BCL2,Adrenal Gland Cortex_GSM176407,54.8,0.056152
BCL2,Adrenal Gland Cortex_GSM176408,61.8,0.005859
BCL2,Adrenal Gland Cortex_GSM176409,59.3,0.018555
BCL2,Skin_GSM175948,180.0,0.000732
BCL2,Skin_GSM175967,107.3,0.023926
BCL2,Skin_GSM175993,107.6,0.000244
BCL2,Breast_GSM175792,233.2,0.000244
BCL2,Breast_GSM175795,536.7,0.000244
BCL2,Trachea_GSM175944,51.6,0.095215
BCL2,Trachea_GSM175980,106.7,0.000732
BCL2,Trachea_GSM175981,104.4,0.002930
BCL2,Lung_GSM175977,92.3,0.004150
BCL2,Lung_GSM176012,87.6,0.005859
BCL2,Lung_GSM176021,92.0,0.000732
BCL2,Bronchus_GSM175978,78.6,0.000732
BCL2,Bronchus_GSM175979,70.3,0.001953
BCL2,Bronchus_GSM176022,165.7,0.000244
BCL2,Oral_Mucosa_GSM176385,71.1,0.030273
BCL2,Oral_Mucosa_GSM176386,69.7,0.005859
BCL2,Oral_Mucosa_GSM176387,73.1,0.005859
BCL2,Salivary_Gland_GSM176414,80.0,0.010742
BCL2,Salivary_Gland_GSM176415,115.6,0.000732
BCL2,Salivary_Gland_GSM176416,100.2,0.014160
BCL2,Esophagus_GSM176389,130.1,0.001221
BCL2,Esophagus_GSM176390,69.1,0.000244
BCL2,Esophagus_GSM176391,80.0,0.000732
BCL2,Stomach_Fundus_GSM176336,126.3,0.000244
BCL2,Stomach_Fundus_GSM176337,99.3,0.004150
BCL2,Stomach_Fundus_GSM176338,152.5,0.000244
BCL2,Stomach_GSM175943,125.9,0.004150
BCL2,Small_Intestine_Duodenum_GSM175949,98.2,0.008057
BCL2,Small_Intestine_GSM175908,132.9,0.008057
BCL2,Small_Intestine_Jejunum_GSM175982,180.0,0.000244
BCL2,Small_Intestine_Jejunum_GSM176265,235.9,0.001953
BCL2,Colon_BD_GSM175905,86.9,0.037598
BCL2,Colon_Cecum_1_GSM175983,216.4,0.000244
BCL2,Colon_Cecum_GSM175984,206.4,0.000244
BCL2,Colon_Cecum_GSM176123,138.0,0.030273
BCL2,Fetal_Liver_GSM175910,40.2,0.149658
BCL2,Liver_GSM176332,88.0,0.030273
BCL2,Liver_GSM176333,67.3,0.056152
BCL2,Liver_GSM176334,83.7,0.023926
BCL2,HepG2_0h_GSM175960,43.0,0.056152
BCL2,HepG2_0h_GSM175961,22.4,0.334473
BCL2,HepG2_0h_GSM175962,22.0,0.366211
BCL2,Pancreas_GSM175950,54.5,0.005859
BCL2,Thyroid_Gland_GSM175954,637.4,0.000244
BCL2,Thyroid_Gland_GSM176418,784.2,0.000244
BCL2,Thyroid_Gland_GSM176419,704.3,0.000244
BCL2,Thyroid_Gland_GSM176420,637.7,0.000244
BCL2,Adipose Tissue Subcut_GSM176028,367.7,0.000244
BCL2,Adipose Tissue Subcut_GSM176119,297.2,0.000732
BCL2,Adipose Tissue Subcut_GSM176121,229.0,0.000244
BCL2,Kidney_GSM175911,157.0,0.002930
BCL2,Kidney_Cortex_GSM176321,199.8,0.001221
BCL2,Kidney_Cortex_GSM176322,205.5,0.002930
BCL2,Kidney_Cortex_GSM176323,187.4,0.000244
BCL2,Kidney_Cortex_GSM176324,159.2,0.000732
BCL2,Prostate_Gland_GSM176325,122.4,0.000244
BCL2,Prostate_Gland_GSM176326,327.2,0.000244
BCL2,Prostate_GSM175925,255.0,0.000244
BCL2,Prostate_GSM175926,120.1,0.000244
BCL2,Prostate_GSM175927,256.4,0.000244
BCL2,Prostate_GSM175938,165.0,0.000244
BCL2,Saphenous_Vein_GSM175879,154.7,0.008057
BCL2,Saphenous_Vein_GSM175880,107.3,0.001221
BCL2,Saphenous_Vein_GSM176011,149.8,0.002930
BCL2,Coronary_Artery_GSM175820,227.3,0.000244
BCL2,Coronary_Artery_GSM175821,166.7,0.001953
BCL2,Coronary_Artery_GSM176115,182.2,0.002930
BCL2,Heart_GSM175935,117.1,0.008057
BCL2,Heart_Atrium_GSM175814,127.9,0.067627
BCL2,Heart_Atrium_GSM175815,89.0,0.018555
BCL2,Heart_Atrium_GSM176435,118.1,0.001221
BCL2,Heart_Ventricle_GSM175817,91.1,0.080566
BCL2,Heart_Ventricle_GSM175818,157.0,0.046143
BCL2,Heart_Ventricle_GSM175819,98.6,0.014160
BCL2,Deltoid_Muscle_GSM176301,510.3,0.000244
BCL2,Deltoid_Muscle_GSM176310,530.4,0.000244
BCL2,Deltoid_Muscle_GSM176312,252.7,0.000732
BCL2,Skeletal_Muscle_GSM175940,296.4,0.004150
BCL2,Skeletal_Muscle_Quadrideps_GSM175985,233.5,0.014160
BCL2,Tongue_GSM175946,182.9,0.002930
BCL2,Tongue_GSM175953,135.3,0.000244
BCL2,Tongue_Main_Corpus_GSM176014,185.9,0.004150
BCL2,Joint_Tissue_Synovium_GSM176026,157.1,0.002930
BCL2,Joint_Tissue_Synovium_GSM176268,155.3,0.000244
BCL2,Joint_Tissue_Synovium_GSM176269,163.9,0.000244
BCL2,Synovial_Membrane_GSM175810,249.3,0.000244
BCL2,Synovial_Membrane_GSM175811,324.2,0.000244
BCL2,Synovial_Membrane_GSM175812,189.9,0.000244
BCL2,HUVEC_Cell_Line_GSM176298,42.3,0.111572
BCL2,HUVEC_Cell_Line_GSM176299,26.3,0.149658
BCL2,Bone Marrow BD_GSM175906,89.4,0.005860
BCL2,Bone Marrow normal_GSM175974,82.1,0.023930
BCL2,Bone Marrow normal_GSM175975,99.6,0.023926
BCL2,Bone Marrow normal_GSM176300,152.2,0.035889
BCL2,Bone Marrow SG normal_GSM175951,103.2,0.010742
BCL2,MSC_nl_1,16.9,0.194580
BCL2,MSC_nl_4,9.5,0.246094
BCL2,MSC_nl_5,16.2,0.046143
BCL2,PBMC Media resting_GSM176281,207.7,0.000240
BCL2,PBMC PMA+Ionomycin_GSM176282,302.8,0.000240
BCL2,Monocytes LPS+Ifng 30h_GSM176004,7.1,0.219480
BCL2,Monocytes LPS+Ifng 30h_GSM176010,47.4,0.000730
BCL2,Monocytes resting 30h_GSM176003,90.0,0.037600
BCL2,Monocytes resting 30h_GSM176009,90.0,0.002930
BCL2,CD4+ antiCD3+antiCD28 activated_GSM17628,599.2,0.000244
BCL2,CD4+ resting_GSM176283,246.6,0.000244
BCL2,CD8+ antiCD3+anti-CD28 activated_GSM1762,719.0,0.000244
BCL2,CD8+ resting_GSM176285,170.0,0.000240
BCL2,T cells antiCD3 30h activated_GSM176000,266.8,0.000730
BCL2,T cells antiCD3 30h activated_GSM176006,222.7,0.000240
BCL2,T cells resting 30h_GSM175999,226.8,0.000240
BCL2,T cells resting 30h_GSM176005,388.1,0.000730
BCL2,Thymus gland normal_GSM175973,215.4,0.000240
BCL2,Thymus gland normal_GSM176262,234.5,0.000240
BCL2,Tonsil_GSM175976,279.3,0.000240
BCL2,Tonsil_GSM176015,204.3,0.000244
BCL2,Tonsil_GSM176114,187.9,0.000244
BCL2,Lymph nodes_GSM176430,190.7,0.000240
BCL2,Lymph nodes_GSM176431,239.1,0.000240
BCL2,Lymph nodes_GSM176432,82.7,0.030270
BCL2,Lymph nodes_GSM176433,380.8,0.000240
BCL2,Spleen normal_GSM175941,364.0,0.000240
BCL2,Spleen normal_GSM176328,270.4,0.000240
BCL2,Spleen normal_GSM176329,263.9,0.000240
BCL2,Spleen normal_GSM176330,535.4,0.000240
BCL2,Spleen normal_GSM176331,368.0,0.000240
BCL2,B cells anti-CD40+IL4 30h activated_GSM1,639.9,0.000240
BCL2,B cells anti-CD40+IL4 30h activated_GSM1,751.7,0.000240
BCL2,B cells resting 30h_GSM176001,494.6,0.000240
BCL2,B cells resting 30h_GSM176007,467.5,0.000240
BCL2,Endometrium_GSM176039,122.0,0.000732
BCL2,Endometrium_GSM176093,133.3,0.000244
BCL2,Endometrium_GSM176094,143.3,0.000244
BCL2,Endometrium_GSM176095,181.6,0.000244
BCL2,Endometrium_GSM176096,93.6,0.000244
BCL2,Endometrium_GSM176127,226.5,0.000244
BCL2,Endometrium_GSM176132,527.4,0.000244
BCL2,Endometrium_GSM176137,98.5,0.001221
BCL2,Endometrium_GSM176319,273.4,0.000244
BCL2,Uterus_GSM175945,241.1,0.000732
BCL2,Myometrium_GSM176243,294.6,0.000244
BCL2,Myometrium_GSM176245,460.5,0.000244
BCL2,Myometrium_GSM176320,231.6,0.000244
BCL2,Placenta_GSM175937,378.1,0.000244
BCL2,Placenta_GSM183605,773.4,0.000244
BCL2,Placenta_GSM183606,504.3,0.000244
BCL2,Placenta_GSM183607,572.5,0.000244
BCL2,Placenta_GSM183608,680.3,0.000244
BCL2,Placenta_GSM183609,855.4,0.000244
MCL1,SAMPLES,Signal,p-Value,Embryonal Carcinoma_NTERA2_GSM172582,583.9,0.000244,HESC_H14_s3_HSR-_1GSM151739,700.9,0.000244,HESC_H14_s3_HSR-_2GSM151741,816.9,0.000244,HESC_HD287_p4,1335.1,0.000244,HESC_HD291_p9,755.8,0.000244,HESC_HD90p8_FE07-142-L1_GSM388581,794.5,0.000244,HESC_HUES8_p30_S1_GSM310860,1466.0,0.000244,HESC_HUES8_p30_S2_GSM31086,1439.9,0.000244,HESC_HUES8_p30_S3_GSM310862,1390.4,0.000244,hESC_Sheff4_GSM194307,538.1,0.000244,hESC_Sheff4_GSM194308,756.3,0.000244,hESC_Sheff4_GSM194309,890.6,0.000244,hESC_Sheff4_Matrigel_GSM194313,615.1,0.000244,hESC_Sheff4_Matrigel_GSM194314,1287.6,0.000244,HESC HS181 p50_GSM452691,581.5,0.000244,HESC HS235 p42_GSM452261,956.6,0.000244,HESC_chHES-3_p11_46XX_GSM172579,1162.1,0.000244,HESC_chHES-3_p172_complexK_GSM172581,639.8,0.000244,HESC_chHES-3_p53_dup(1)_GSM172580,476.8,0.000732,HESC_H1-OGN_GSM248200,1059.6,0.000244,HESC_H1_GFP_GSM225042,911.0,0.000244,HESC_H9_GFP_GSM225045,835.1,0.000244,HESC_H9_GSM249282,1257.3,0.000244,HESC_HD129p6_FE08-005-L1_GSM388636,759.1,0.000244,HESC_HD83p24_FE07-135-L1_GSM388638,1133.2,0.000244,HESC_HSF1_p49_GSM249025,1231.4,0.000244,EB_H1_GFP_GSM225043,363.6,0.000244,EB_H9_GSM225046,203.5,0.000244,HIPS_1-8_CM_Ma_GSM245342,1761.4,0.000244,HIPS_1-8_ESM_MEF_GSM248217,1991.8,0.000244,HIPS_1-8_mTeSR1_Ma_1_GSM245339,1205.7,0.000244,HIPS_1-8_mTeSR1_Ma_2_GSM248216,2305.3,0.000244,HIPS_1-8_mTeSR1_Ma_Th_GSM257520,1988.5,0.000244,HIPS_2-4_ESM_MEF_GSM257522,1423.7,0.000244,HIPS_2-4_mTeSR1_Ma_GSM257521,1835.3,0.000244,HIPS_2_dH1f_GSM248207,1514.9,0.000244,HIPS_2_MRC5_GSM248211,1422.6,0.000244,HIPS_2_MRC5_GSM248212,1438.2,0.000244,HIPS_3-2_mTeSR1_Ma_GSM257523,1899.7,0.000244,HIPS_3_dH1f_GSM248203,1395.4,0.000244,HIPS_5_dH1f_GSM248205,1379.8,0.000244,HIPS_5_dH1f_GSM248206,1365.2,0.000244,HIPS_BJ_#12p5_S1_GSM310851,1795.6,0.000244,HIPS_BJ_#12p5_S2_GSM310852,1669.8,0.000244,HIPS_BJ_#12p5_S3_GSM310853,1702.9,0.000244,HIPS_BJ_#12p6_afp4_S1_GSM310857,1636.2,0.000244,HIPS_BJ_#12p6_afp4_S2_GSM310858,1595.9,0.000244,HIPS_BJ_#12p6_afp4_S3_GSM310859,1830.5,0.000244,HIPS_BJ_#5p9_S1_GSM310838,2123.2,0.000244,HIPS_BJ_#5p9_S2_GSM310839,1586.9,0.000244,HIPS_BJ_#5p9_S3_GSM310844,1866.1,0.000244,HIPS_BJ_#6p9_S1_GSM310845,1634.1,0.000244,HIPS_BJ_#6p9_S2_GSM310846,1697.7,0.000244,HIPS_BJ_#6p9_S3_GSM310847,1702.7,0.000244,HIPS_BJ_#8p10_S1_GSM310848,1946.0,0.000244,HIPS_BJ_#8p10_S2_GSM310849,2119.1,0.000244,HIPS_BJ_#8p10_S3_GSM310850,1553.2,0.000244,HIPS_BJ_1_GSM248215,1651.5,0.000244,HIPS_Clone1_GSM249028,860.2,0.000244,HIPS_Clone2_GSM249096,1037.3,0.000244,HIPS_Clone5_GSM249095,957.2,0.000244,HIPS_Clone7_GSM249137,948.0,0.000244,partial_HIPS_Clone54_GSM249138,432.1,0.000244,partial_HIPS_Clone100_GSM249151,644.9,0.000244,partial_HIPS_Clone24_GSM249150,746.7,0.000244,partial_HIPS_Clone29_GSM249152,688.1,0.000244,Fibroblasts_BJ_S1_GSM310854,1010.3,0.000244,Fibroblasts_BJ_S2_GSM310855,896.7,0.000244,Fibroblasts_BJ_S3_GSM310856,956.9,0.000244,Fibroblasts_BJ_GSM248214,1084.7,0.000244,Fibroblasts_dH1f_GSM248201,1403.9,0.000244,Fibroblasts_dH1f_GSM248202,909.6,0.000244,Fibroblasts_dH1f_GSM248204,1127.4,0.000244,Fibroblasts_HFF1,738.6,0.000244,Fibroblasts_MRC5_GSM248209,855.9,0.000244,Fibroblasts_MRC5_GSM248210,1271.4,0.000244,Fibroblasts_NHDF1_5F_Day18_GSM249029,761.7,0.000244,Fibroblasts_NHDF1_GFP_GSM249026,918.9,0.000244,Fibroblasts_NHDF1_GSM249027,1062.6,0.000244,Fibroblast_HFF_GSM245341,956.8,0.000244,Fibroblast_HFF_GSM257524,976.1,0.000244,Ovary_GSM175789,302.9,0.000244,Ovary_GSM176131,254.4,0.000244,Ovary_GSM176136,1281.8,0.000244,Ovary_GSM176318,317.7,0.000244,Cumulus,733.6,0.000244,Oocyte VG,104.2,0.000244,Oocyte MI,69.2,0.000244,Oocyte MII,110.1,0.018555,Oocyte_M2-16_GSM288877,110.1,0.018555,Oocyte_M2-21-GSM288812,53.6,0.000000,Oocyte_M2-24_GSM288876 ,78.0,0.000244,Oocyte_M2_GSM136511,14.5,0.696289,Oocyte_M2_GSM136512,113.2,0.219482,Oocyte_M2_GSM136513,12.9,0.696289,Oocyte_M2_GSM136519,57.6,0.095215,Oocyte_M2_GSM136525,48.3,0.432373,Oocyte_M2_GSM136526,2.0,0.953857,Testes_GSM175942,313.2,0.000244,Testes_GSM176113,254.8,0.000244,Testes_GSM176276,316.6,0.000244,Testes_GSM176422,135.0,0.000244,Testes_GSM176423,211.1,0.000244,Fetal_Brain_GSM175909,236.4,0.000244,Cerebral_Cortex_1_GSM176344,106.4,0.000244,Cerebral_Cortex_GSM176345,91.3,0.000244,Cerebral_Cortex_GSM176346,181.7,0.000244,Frontal_Lobe_GSM175859,162.3,0.000244,Frontal_Lobe_GSM175860,38.0,0.008057,Frontal_Lobe_GSM176017,56.9,0.005859,Occipital_Lobe_GSM176352,119.6,0.000244,Occipital_Lobe_GSM176353,119.8,0.000244,Occipital_Lobe_GSM176354,189.7,0.000244,Parietal_Lobe_GSM175862,87.0,0.000244,Parietal_Lobe_GSM175863,112.9,0.000244,Parietal_Lobe_GSM175864,114.3,0.000244,Temporal_Lobe_GSM175874,114.9,0.000244,Temporal_Lobe_GSM175875,104.6,0.000244,Temporal_Lobe_GSM175876,141.1,0.000244,Caudate_GSM176363,190.2,0.000244,Caudate_GSM176365,101.2,0.002930,Caudate_GSM176369,101.7,0.001221,Midbrain_GSM175901,200.1,0.000244,Midbrain_GSM175902,226.2,0.000244,Midbrain_GSM175903,216.8,0.000244,Nucleus Accumbens_GSM175849,112.2,0.000244,Nucleus Accumbens_GSM175850,72.4,0.004150,Nucleus Accumbens_GSM175851,204.6,0.000244,Substantia_Nigra_GSM175871,128.5,0.000244,Substantia_Nigra_GSM175872,91.4,0.000244,Substantia_Nigra_GSM175873,195.8,0.000244,Cerebellum_BD_GSM175907,237.4,0.000244,Cerebellum_GSM175852,91.1,0.002930,Cerebellum_GSM175853,147.8,0.000244,Cerebellum_GSM175854,92.9,0.000244,Amygdala_GSM 175842,206.7,0.000732,Amygdala_GSM175843,90.6,0.000732,Amygdala_GSM175844,45.6,0.000244,Hippocampus_GSM175861,43.0,0.000732,Hippocampus_GSM175987,108.9,0.000732,Hippocampus_GSM175988,115.0,0.000244,Hypothalamus_GSM176381,68.0,0.000244,Hypothalamus_GSM176382,47.0,0.000732,Hypothalamus_GSM176383,106.4,0.000244,Subthalamic_Nucleus_GSM175869,175.3,0.000244,Subthalamic_Nucleus_GSM175870,391.1,0.000244,Subthalamic_Nucleus_GSM176058,177.1,0.000244,Thalamus_GSM175885,42.5,0.018555,Thalamus_GSM175886,27.9,0.014160,Thalamus_GSM175887,93.9,0.000244,Spinal_Cord_GSM175865,539.1,0.000244,Spinal_Cord_GSM175866,178.6,0.000244,Spinal_Cord_GSM175867,369.4,0.000244,Dorsal_Root_Ganglia_GSM175825,339.9,0.000244,Dorsal_Root_Ganglia_GSM175826,180.5,0.000244,Dorsal_Root_Ganglia_GSM175827,383.5,0.000244,Trigeminal_Ganglia_GSM175889,780.0,0.000244,Trigeminal_Ganglia_GSM175890,130.0,0.000244,Trigeminal_Ganglia_GSM175891,298.0,0.000244,Pituitary_Gland_GSM176411,104.4,0.000244,Pituitary_Gland_GSM176412,289.9,0.000244,Pituitary_Gland_GSM176413,42.3,0.005859,Adrenal Gland Cortex_GSM176407,101.8,0.000244,Adrenal Gland Cortex_GSM176408,155.4,0.000244,Adrenal Gland Cortex_GSM176409,775.9,0.000244,Skin_GSM175948,399.0,0.000244,Skin_GSM175967,428.9,0.000732,Skin_GSM175993,1035.7,0.000244,Breast_GSM175792,467.1,0.000244,Breast_GSM175795,375.1,0.000244,Trachea_GSM175944,967.6,0.000244,Trachea_GSM175980,922.0,0.000244,Trachea_GSM175981,461.1,0.000244,Lung_GSM175977,1559.5,0.000244,Lung_GSM176012,628.6,0.000244,Lung_GSM176021,724.5,0.000244,Bronchus_GSM175978,907.0,0.000244,Bronchus_GSM175979,393.1,0.000244,Bronchus_GSM176022,320.8,0.000244,Oral_Mucosa_GSM176385,1045.9,0.000244,Oral_Mucosa_GSM176386,341.8,0.000244,Oral_Mucosa_GSM176387,939.8,0.000244,Salivary_Gland_GSM176414,232.7,0.000244,Salivary_Gland_GSM176415,179.2,0.000244,Salivary_Gland_GSM176416,191.2,0.000244,Esophagus_GSM176389,819.8,0.000244,Esophagus_GSM176390,869.6,0.000244,Esophagus_GSM176391,1081.0,0.000244,Stomach_Fundus_GSM176336,277.2,0.000244,Stomach_Fundus_GSM176337,150.9,0.000244,Stomach_Fundus_GSM176338,514.2,0.000244,Stomach_GSM175943,505.8,0.000244,Small_Intestine_Duodenum_GSM175949,468.9,0.000244,Small_Intestine_GSM175908,402.2,0.000244,Small_Intestine_Jejunum_GSM175982,359.2,0.000244,Small_Intestine_Jejunum_GSM176265,845.8,0.000244,Colon_BD_GSM175905,440.8,0.000244,Colon_Cecum_1_GSM175983,275.4,0.000244,Colon_Cecum_GSM175984,267.3,0.000244,Colon_Cecum_GSM176123,356.1,0.000244,Fetal_Liver_GSM175910,871.4,0.000244,Liver_GSM176332,279.8,0.000244,Liver_GSM176333,217.6,0.000244,Liver_GSM176334,364.2,0.000244,HepG2_0h_GSM175960,710.6,0.000244,HepG2_0h_GSM175961,712.0,0.000244,HepG2_0h_GSM175962,735.7,0.000244,Pancreas_GSM175950,517.1,0.000244,Thyroid_Gland_GSM175954,391.8,0.000244,Thyroid_Gland_GSM176418,317.0,0.000244,Thyroid_Gland_GSM176419,237.0,0.000244,Thyroid_Gland_GSM176420,358.7,0.000244,Adipose Tissue Subcut_GSM176028,404.0,0.000244,Adipose Tissue Subcut_GSM176119,981.5,0.000244,Adipose Tissue Subcut_GSM176121,484.0,0.000244,Kidney_GSM175911,236.2,0.000244,Kidney_Cortex_GSM176321,77.2,0.000244,Kidney_Cortex_GSM176322,139.0,0.000732,Kidney_Cortex_GSM176323,390.3,0.000244,Kidney_Cortex_GSM176324,212.0,0.000732,Prostate_Gland_GSM176325,157.3,0.000244,Prostate_Gland_GSM176326,217.4,0.000244,Prostate_GSM175925,725.4,0.000244,Prostate_GSM175926,1334.7,0.000244,Prostate_GSM175927,885.1,0.000244,Prostate_GSM175938,397.0,0.000244,Saphenous_Vein_GSM175879,200.1,0.000244,Saphenous_Vein_GSM175880,352.8,0.000244,Saphenous_Vein_GSM176011,359.3,0.000244,Coronary_Artery_GSM175820,550.1,0.000244,Coronary_Artery_GSM175821,92.5,0.000244,Coronary_Artery_GSM176115,201.7,0.000244,Heart_GSM175935,293.0,0.000244,Heart_Atrium_GSM175814,102.7,0.000244,Heart_Atrium_GSM175815,634.9,0.000244,Heart_Atrium_GSM176435,336.0,0.000244,Heart_Ventricle_GSM175817,201.5,0.000244,Heart_Ventricle_GSM175818,119.5,0.000244,Heart_Ventricle_GSM175819,650.6,0.000244,Deltoid_Muscle_GSM176301,286.9,0.000244,Deltoid_Muscle_GSM176310,324.1,0.000244,Deltoid_Muscle_GSM176312,350.5,0.000244,Skeletal_Muscle_GSM175940,589.9,0.000244,Skeletal_Muscle_Quadrideps_GSM175985,382.8,0.000244,Tongue_GSM175946,569.8,0.000244,Tongue_GSM175953,626.2,0.000244,Tongue_Main_Corpus_GSM176014,516.7,0.000244,Joint_Tissue_Synovium_GSM176026,325.3,0.000244,Joint_Tissue_Synovium_GSM176268,526.3,0.000244,Joint_Tissue_Synovium_GSM176269,392.3,0.000244,Synovial_Membrane_GSM175810,271.7,0.000244,Synovial_Membrane_GSM175811,167.3,0.000244,Synovial_Membrane_GSM175812,336.5,0.000244,HUVEC_Cell_Line_GSM176298,679.5,0.000244,HUVEC_Cell_Line_GSM176299,721.4,0.000244,Bone Marrow BD_GSM175906,1146.4,0.000240,Bone Marrow normal_GSM175974,930.6,0.000240,Bone Marrow normal_GSM175975,548.3,0.000244,Bone Marrow normal_GSM176300,391.7,0.000244,Bone Marrow SG normal_GSM175951,567.0,0.000244,MSC_nl_1,468.5,0.000244,MSC_nl_4,580.8,0.000244,MSC_nl_5,580.8,0.000244,PBMC Media resting_GSM176281,2577.1,0.000240,PBMC PMA+Ionomycin_GSM176282,5646.4,0.000240,Monocytes LPS+Ifng 30h_GSM176004,1945.0,0.000240,Monocytes LPS+Ifng 30h_GSM176010,2673.7,0.000240,Monocytes resting 30h_GSM176003,666.2,0.000240,Monocytes resting 30h_GSM176009,620.5,0.000240,CD4+ antiCD3+antiCD28 activated_GSM17628,1427.3,0.000244,CD4+ resting_GSM176283,1730.1,0.000244,CD8+ antiCD3+anti-CD28 activated_GSM1762,1474.9,0.000244,CD8+ resting_GSM176285,1583.3,0.000240,T cells antiCD3 30h activated_GSM176000,1035.9,0.000240,T cells antiCD3 30h activated_GSM176006,1065.7,0.000240,T cells resting 30h_GSM175999,639.0,0.000240,T cells resting 30h_GSM176005,1067.5,0.000240,Thymus gland normal_GSM175973,289.9,0.000240,Thymus gland normal_GSM176262,891.5,0.000240,Tonsil_GSM175976,611.0,0.000240,Tonsil_GSM176015,349.2,0.000244,Tonsil_GSM176114,424.1,0.000244,Lymph nodes_GSM176430,202.3,0.000240,Lymph nodes_GSM176431,155.4,0.000240,Lymph nodes_GSM176432,102.8,0.000240,Lymph nodes_GSM176433,170.6,0.000240,Spleen normal_GSM175941,1141.3,0.000240,Spleen normal_GSM176328,186.3,0.000240,Spleen normal_GSM176329,355.8,0.000240,Spleen normal_GSM176330,652.7,0.000240,Spleen normal_GSM176331,413.1,0.000240,B cells anti-CD40+IL4 30h activated_GSM1,1028.7,0.000240,B cells anti-CD40+IL4 30h activated_GSM1,1183.6,0.000240,B cells resting 30h_GSM176001,469.9,0.000240,B cells resting 30h_GSM176007,446.6,0.000240,Endometrium_GSM176039,897.3,0.000244,Endometrium_GSM176093,945.4,0.000244,Endometrium_GSM176094,1717.0,0.000244,Endometrium_GSM176095,877.2,0.000244,Endometrium_GSM176096,1603.1,0.000244,Endometrium_GSM176127,100.3,0.005859,Endometrium_GSM176132,74.7,0.001953,Endometrium_GSM176137,341.3,0.000244,Endometrium_GSM176319,272.9,0.000244,Uterus_GSM175945,320.6,0.000244,Myometrium_GSM176243,406.7,0.000244,Myometrium_GSM176245,544.9,0.000244,Myometrium_GSM176320,237.8,0.000244,Placenta_GSM175937,912.9,0.000244,Placenta_GSM183605,1669.2,0.000244,Placenta_GSM183606,1469.9,0.000244,Placenta_GSM183607,1635.2,0.000244,Placenta_GSM183608,1343.5,0.000244,Placenta_GSM183609,1210.9,0.000244
MCL1,Embryonal Carcinoma_NTERA2_GSM172582,583.9,0.000244
MCL1,HESC_H14_s3_HSR-_1GSM151739,700.9,0.000244
MCL1,HESC_H14_s3_HSR-_2GSM151741,816.9,0.000244
MCL1,HESC_HD287_p4,1335.1,0.000244
MCL1,HESC_HD291_p9,755.8,0.000244
MCL1,HESC_HD90p8_FE07-142-L1_GSM388581,794.5,0.000244
MCL1,HESC_HUES8_p30_S1_GSM310860,1466.0,0.000244
MCL1,HESC_HUES8_p30_S2_GSM31086,1439.9,0.000244
MCL1,HESC_HUES8_p30_S3_GSM310862,1390.4,0.000244
MCL1,hESC_Sheff4_GSM194307,538.1,0.000244
MCL1,hESC_Sheff4_GSM194308,756.3,0.000244
MCL1,hESC_Sheff4_GSM194309,890.6,0.000244
MCL1,hESC_Sheff4_Matrigel_GSM194313,615.1,0.000244
MCL1,hESC_Sheff4_Matrigel_GSM194314,1287.6,0.000244
MCL1,HESC HS181 p50_GSM452691,581.5,0.000244
MCL1,HESC HS235 p42_GSM452261,956.6,0.000244
MCL1,HESC_chHES-3_p11_46XX_GSM172579,1162.1,0.000244
MCL1,HESC_chHES-3_p172_complexK_GSM172581,639.8,0.000244
MCL1,HESC_chHES-3_p53_dup(1)_GSM172580,476.8,0.000732
MCL1,HESC_H1-OGN_GSM248200,1059.6,0.000244
MCL1,HESC_H1_GFP_GSM225042,911.0,0.000244
MCL1,HESC_H9_GFP_GSM225045,835.1,0.000244
MCL1,HESC_H9_GSM249282,1257.3,0.000244
MCL1,HESC_HD129p6_FE08-005-L1_GSM388636,759.1,0.000244
MCL1,HESC_HD83p24_FE07-135-L1_GSM388638,1133.2,0.000244
MCL1,HESC_HSF1_p49_GSM249025,1231.4,0.000244
MCL1,EB_H1_GFP_GSM225043,363.6,0.000244
MCL1,EB_H9_GSM225046,203.5,0.000244
MCL1,HIPS_1-8_CM_Ma_GSM245342,1761.4,0.000244
MCL1,HIPS_1-8_ESM_MEF_GSM248217,1991.8,0.000244
MCL1,HIPS_1-8_mTeSR1_Ma_1_GSM245339,1205.7,0.000244
MCL1,HIPS_1-8_mTeSR1_Ma_2_GSM248216,2305.3,0.000244
MCL1,HIPS_1-8_mTeSR1_Ma_Th_GSM257520,1988.5,0.000244
MCL1,HIPS_2-4_ESM_MEF_GSM257522,1423.7,0.000244
MCL1,HIPS_2-4_mTeSR1_Ma_GSM257521,1835.3,0.000244
MCL1,HIPS_2_dH1f_GSM248207,1514.9,0.000244
MCL1,HIPS_2_MRC5_GSM248211,1422.6,0.000244
MCL1,HIPS_2_MRC5_GSM248212,1438.2,0.000244
MCL1,HIPS_3-2_mTeSR1_Ma_GSM257523,1899.7,0.000244
MCL1,HIPS_3_dH1f_GSM248203,1395.4,0.000244
MCL1,HIPS_5_dH1f_GSM248205,1379.8,0.000244
MCL1,HIPS_5_dH1f_GSM248206,1365.2,0.000244
MCL1,HIPS_BJ_#12p5_S1_GSM310851,1795.6,0.000244
MCL1,HIPS_BJ_#12p5_S2_GSM310852,1669.8,0.000244
MCL1,HIPS_BJ_#12p5_S3_GSM310853,1702.9,0.000244
MCL1,HIPS_BJ_#12p6_afp4_S1_GSM310857,1636.2,0.000244
MCL1,HIPS_BJ_#12p6_afp4_S2_GSM310858,1595.9,0.000244
MCL1,HIPS_BJ_#12p6_afp4_S3_GSM310859,1830.5,0.000244
MCL1,HIPS_BJ_#5p9_S1_GSM310838,2123.2,0.000244
MCL1,HIPS_BJ_#5p9_S2_GSM310839,1586.9,0.000244
MCL1,HIPS_BJ_#5p9_S3_GSM310844,1866.1,0.000244
MCL1,HIPS_BJ_#6p9_S1_GSM310845,1634.1,0.000244
MCL1,HIPS_BJ_#6p9_S2_GSM310846,1697.7,0.000244
MCL1,HIPS_BJ_#6p9_S3_GSM310847,1702.7,0.000244
MCL1,HIPS_BJ_#8p10_S1_GSM310848,1946.0,0.000244
MCL1,HIPS_BJ_#8p10_S2_GSM310849,2119.1,0.000244
MCL1,HIPS_BJ_#8p10_S3_GSM310850,1553.2,0.000244
MCL1,HIPS_BJ_1_GSM248215,1651.5,0.000244
MCL1,HIPS_Clone1_GSM249028,860.2,0.000244
MCL1,HIPS_Clone2_GSM249096,1037.3,0.000244
MCL1,HIPS_Clone5_GSM249095,957.2,0.000244
MCL1,HIPS_Clone7_GSM249137,948.0,0.000244
MCL1,partial_HIPS_Clone54_GSM249138,432.1,0.000244
MCL1,partial_HIPS_Clone100_GSM249151,644.9,0.000244
MCL1,partial_HIPS_Clone24_GSM249150,746.7,0.000244
MCL1,partial_HIPS_Clone29_GSM249152,688.1,0.000244
MCL1,Fibroblasts_BJ_S1_GSM310854,1010.3,0.000244
MCL1,Fibroblasts_BJ_S2_GSM310855,896.7,0.000244
MCL1,Fibroblasts_BJ_S3_GSM310856,956.9,0.000244
MCL1,Fibroblasts_BJ_GSM248214,1084.7,0.000244
MCL1,Fibroblasts_dH1f_GSM248201,1403.9,0.000244
MCL1,Fibroblasts_dH1f_GSM248202,909.6,0.000244
MCL1,Fibroblasts_dH1f_GSM248204,1127.4,0.000244
MCL1,Fibroblasts_HFF1,738.6,0.000244
MCL1,Fibroblasts_MRC5_GSM248209,855.9,0.000244
MCL1,Fibroblasts_MRC5_GSM248210,1271.4,0.000244
MCL1,Fibroblasts_NHDF1_5F_Day18_GSM249029,761.7,0.000244
MCL1,Fibroblasts_NHDF1_GFP_GSM249026,918.9,0.000244
MCL1,Fibroblasts_NHDF1_GSM249027,1062.6,0.000244
MCL1,Fibroblast_HFF_GSM245341,956.8,0.000244
MCL1,Fibroblast_HFF_GSM257524,976.1,0.000244
MCL1,Ovary_GSM175789,302.9,0.000244
MCL1,Ovary_GSM176131,254.4,0.000244
MCL1,Ovary_GSM176136,1281.8,0.000244
MCL1,Ovary_GSM176318,317.7,0.000244
MCL1,Cumulus,733.6,0.000244
MCL1,Oocyte VG,104.2,0.000244
MCL1,Oocyte MI,69.2,0.000244
MCL1,Oocyte MII,110.1,0.018555
MCL1,Oocyte_M2-16_GSM288877,110.1,0.018555
MCL1,Oocyte_M2-21-GSM288812,53.6,0.000000
MCL1,Oocyte_M2-24_GSM288876 ,78.0,0.000244
MCL1,Oocyte_M2_GSM136511,14.5,0.696289
MCL1,Oocyte_M2_GSM136512,113.2,0.219482
MCL1,Oocyte_M2_GSM136513,12.9,0.696289
MCL1,Oocyte_M2_GSM136519,57.6,0.095215
MCL1,Oocyte_M2_GSM136525,48.3,0.432373
MCL1,Oocyte_M2_GSM136526,2.0,0.953857
MCL1,Testes_GSM175942,313.2,0.000244
MCL1,Testes_GSM176113,254.8,0.000244
MCL1,Testes_GSM176276,316.6,0.000244
MCL1,Testes_GSM176422,135.0,0.000244
MCL1,Testes_GSM176423,211.1,0.000244
MCL1,Fetal_Brain_GSM175909,236.4,0.000244
MCL1,Cerebral_Cortex_1_GSM176344,106.4,0.000244
MCL1,Cerebral_Cortex_GSM176345,91.3,0.000244
MCL1,Cerebral_Cortex_GSM176346,181.7,0.000244
MCL1,Frontal_Lobe_GSM175859,162.3,0.000244
MCL1,Frontal_Lobe_GSM175860,38.0,0.008057
MCL1,Frontal_Lobe_GSM176017,56.9,0.005859
MCL1,Occipital_Lobe_GSM176352,119.6,0.000244
MCL1,Occipital_Lobe_GSM176353,119.8,0.000244
MCL1,Occipital_Lobe_GSM176354,189.7,0.000244
MCL1,Parietal_Lobe_GSM175862,87.0,0.000244
MCL1,Parietal_Lobe_GSM175863,112.9,0.000244
MCL1,Parietal_Lobe_GSM175864,114.3,0.000244
MCL1,Temporal_Lobe_GSM175874,114.9,0.000244
MCL1,Temporal_Lobe_GSM175875,104.6,0.000244
MCL1,Temporal_Lobe_GSM175876,141.1,0.000244
MCL1,Caudate_GSM176363,190.2,0.000244
MCL1,Caudate_GSM176365,101.2,0.002930
MCL1,Caudate_GSM176369,101.7,0.001221
MCL1,Midbrain_GSM175901,200.1,0.000244
MCL1,Midbrain_GSM175902,226.2,0.000244
MCL1,Midbrain_GSM175903,216.8,0.000244
MCL1,Nucleus Accumbens_GSM175849,112.2,0.000244
MCL1,Nucleus Accumbens_GSM175850,72.4,0.004150
MCL1,Nucleus Accumbens_GSM175851,204.6,0.000244
MCL1,Substantia_Nigra_GSM175871,128.5,0.000244
MCL1,Substantia_Nigra_GSM175872,91.4,0.000244
MCL1,Substantia_Nigra_GSM175873,195.8,0.000244
MCL1,Cerebellum_BD_GSM175907,237.4,0.000244
MCL1,Cerebellum_GSM175852,91.1,0.002930
MCL1,Cerebellum_GSM175853,147.8,0.000244
MCL1,Cerebellum_GSM175854,92.9,0.000244
MCL1,Amygdala_GSM 175842,206.7,0.000732
MCL1,Amygdala_GSM175843,90.6,0.000732
MCL1,Amygdala_GSM175844,45.6,0.000244
MCL1,Hippocampus_GSM175861,43.0,0.000732
MCL1,Hippocampus_GSM175987,108.9,0.000732
MCL1,Hippocampus_GSM175988,115.0,0.000244
MCL1,Hypothalamus_GSM176381,68.0,0.000244
MCL1,Hypothalamus_GSM176382,47.0,0.000732
MCL1,Hypothalamus_GSM176383,106.4,0.000244
MCL1,Subthalamic_Nucleus_GSM175869,175.3,0.000244
MCL1,Subthalamic_Nucleus_GSM175870,391.1,0.000244
MCL1,Subthalamic_Nucleus_GSM176058,177.1,0.000244
MCL1,Thalamus_GSM175885,42.5,0.018555
MCL1,Thalamus_GSM175886,27.9,0.014160
MCL1,Thalamus_GSM175887,93.9,0.000244
MCL1,Spinal_Cord_GSM175865,539.1,0.000244
MCL1,Spinal_Cord_GSM175866,178.6,0.000244
MCL1,Spinal_Cord_GSM175867,369.4,0.000244
MCL1,Dorsal_Root_Ganglia_GSM175825,339.9,0.000244
MCL1,Dorsal_Root_Ganglia_GSM175826,180.5,0.000244
MCL1,Dorsal_Root_Ganglia_GSM175827,383.5,0.000244
MCL1,Trigeminal_Ganglia_GSM175889,780.0,0.000244
MCL1,Trigeminal_Ganglia_GSM175890,130.0,0.000244
MCL1,Trigeminal_Ganglia_GSM175891,298.0,0.000244
MCL1,Pituitary_Gland_GSM176411,104.4,0.000244
MCL1,Pituitary_Gland_GSM176412,289.9,0.000244
MCL1,Pituitary_Gland_GSM176413,42.3,0.005859
MCL1,Adrenal Gland Cortex_GSM176407,101.8,0.000244
MCL1,Adrenal Gland Cortex_GSM176408,155.4,0.000244
MCL1,Adrenal Gland Cortex_GSM176409,775.9,0.000244
MCL1,Skin_GSM175948,399.0,0.000244
MCL1,Skin_GSM175967,428.9,0.000732
MCL1,Skin_GSM175993,1035.7,0.000244
MCL1,Breast_GSM175792,467.1,0.000244
MCL1,Breast_GSM175795,375.1,0.000244
MCL1,Trachea_GSM175944,967.6,0.000244
MCL1,Trachea_GSM175980,922.0,0.000244
MCL1,Trachea_GSM175981,461.1,0.000244
MCL1,Lung_GSM175977,1559.5,0.000244
MCL1,Lung_GSM176012,628.6,0.000244
MCL1,Lung_GSM176021,724.5,0.000244
MCL1,Bronchus_GSM175978,907.0,0.000244
MCL1,Bronchus_GSM175979,393.1,0.000244
MCL1,Bronchus_GSM176022,320.8,0.000244
MCL1,Oral_Mucosa_GSM176385,1045.9,0.000244
MCL1,Oral_Mucosa_GSM176386,341.8,0.000244
MCL1,Oral_Mucosa_GSM176387,939.8,0.000244
MCL1,Salivary_Gland_GSM176414,232.7,0.000244
